"","c(condition = writeobj)","path","expectedpath","TrueTheta","freq","Bias","RMSE","TrueThetaMSDRng"
"1","1-3-3 Design | increasing Number of Items | Forward Assembly Priority | information Routing","1-2-5","1-3-6","NA","1134","0.37","0.89","-0.5(0.09), -0.5 - 0"
"2","1-3-3 Design | increasing Number of Items | Forward Assembly Priority | information Routing","1-2-6","1-2-5, 1-3-6, 1-4-7","NA","966","0.15","0.79","-0.3(0.35), -1 - 0.5"
"3","1-3-3 Design | increasing Number of Items | Forward Assembly Priority | information Routing","1-3-5","1-2-5, 1-3-6","NA","2478","-0.44","1.06","-1.2(0.77), -3 - 0"
"4","1-3-3 Design | increasing Number of Items | Forward Assembly Priority | information Routing","1-3-6","1-2-5, 1-4-7","NA","1512","-0.06","0.84","0.2(0.73), -2 - 1"
"5","1-3-3 Design | increasing Number of Items | Forward Assembly Priority | information Routing","1-3-7","1-3-6, 1-4-7","NA","1848","0.06","0.77","0.7(0.42), 0 - 1.5"
"6","1-3-3 Design | increasing Number of Items | Forward Assembly Priority | information Routing","1-4-6","1-2-5, 1-3-6, 1-4-7","NA","1302","-0.34","1.03","0.2(0.38), -1 - 0.5"
"7","1-3-3 Design | increasing Number of Items | Forward Assembly Priority | information Routing","1-4-7","1-3-6","NA","168","-1.01","1.51","0(0), 0 - 0"
"8","1-3-4 Design | increasing Number of Items | Forward Assembly Priority | information Routing","1-2-5","1-3-6","NA","378","0.77","1.17","-0.5(0), -0.5 - -0.5"
"9","1-3-4 Design | increasing Number of Items | Forward Assembly Priority | information Routing","1-2-6","1-2-5, 1-3-6","NA","3528","0.2","0.9","-0.7(0.42), -2 - 0"
"10","1-3-4 Design | increasing Number of Items | Forward Assembly Priority | information Routing","1-3-6","1-2-5, 1-4-7","NA","2982","-0.58","1.19","-1.5(0.83), -3 - 0.5"
"11","1-3-4 Design | increasing Number of Items | Forward Assembly Priority | information Routing","1-3-7","1-3-6, 1-4-7, 1-4-8","NA","3906","-0.01","0.79","0.3(0.43), -0.5 - 1.5"
"12","1-3-4 Design | increasing Number of Items | Forward Assembly Priority | information Routing","1-4-7","1-2-5, 1-3-6, 1-4-8","NA","2772","-0.28","0.99","0.8(0.56), -1 - 2"
"13","1-3-4 Design | increasing Number of Items | Forward Assembly Priority | information Routing","1-4-8","1-4-7","NA","126","-0.88","1.2","0.5(0), 0.5 - 0.5"
"14","1-3-3 Design | equal Number of Items | Forward Assembly Priority | information Routing","1-2-5","1-3-6","NA","84","0.78","1.24","0(0), 0 - 0"
"15","1-3-3 Design | equal Number of Items | Forward Assembly Priority | information Routing","1-2-6","1-2-5, 1-3-6","NA","756","0.13","0.89","-0.4(0.28), -1 - 0"
"16","1-3-3 Design | equal Number of Items | Forward Assembly Priority | information Routing","1-3-5","1-2-5, 1-3-6","NA","1470","-0.39","1.05","-1(0.66), -3 - 0"
"17","1-3-3 Design | equal Number of Items | Forward Assembly Priority | information Routing","1-3-6","1-2-5, 1-4-7","NA","3108","0.04","0.87","0(0.55), -1 - 1"
"18","1-3-3 Design | equal Number of Items | Forward Assembly Priority | information Routing","1-3-7","1-3-6, 1-4-7","NA","1176","0.16","0.85","0.7(0.34), 0 - 1.5"
"19","1-3-3 Design | equal Number of Items | Forward Assembly Priority | information Routing","1-4-6","1-3-6, 1-4-7","NA","882","-0.36","1.08","0.3(0.25), 0 - 0.5"
"20","1-3-3 Design | equal Number of Items | Forward Assembly Priority | information Routing","1-4-7","1-3-6","NA","84","-1.55","2.01","0(0), 0 - 0"
"21","1-3-4 Design | equal Number of Items | Forward Assembly Priority | information Routing","1-2-5","1-3-6","NA","126","0.68","1.1","-0.5(0), -0.5 - -0.5"
"22","1-3-4 Design | equal Number of Items | Forward Assembly Priority | information Routing","1-2-6","1-2-5, 1-3-6","NA","3612","0.18","0.91","-0.8(0.35), -1.5 - 0"
"23","1-3-4 Design | equal Number of Items | Forward Assembly Priority | information Routing","1-3-6","1-2-5","NA","1050","-0.6","1.07","-1.4(0.57), -3 - -1"
"24","1-3-4 Design | equal Number of Items | Forward Assembly Priority | information Routing","1-3-7","1-3-6, 1-4-8","NA","2646","-0.11","0.85","0.3(0.46), -0.5 - 1"
"25","1-3-4 Design | equal Number of Items | Forward Assembly Priority | information Routing","1-4-7","1-3-6, 1-3-7, 1-4-8","NA","3990","-0.35","1.07","0.7(0.37), 0 - 1.5"
"26","1-3-4 Design | equal Number of Items | Forward Assembly Priority | information Routing","1-4-8","1-3-7","NA","126","-1.13","1.57","0.5(0), 0.5 - 0.5"
"27","1-3-3 Design | decreasing Number of Items | Forward Assembly Priority | information Routing","1-2-5","1-3-6","NA","126","0.62","0.91","0(0), 0 - 0"
"28","1-3-3 Design | decreasing Number of Items | Forward Assembly Priority | information Routing","1-2-6","1-2-5, 1-3-6","NA","756","0.07","1.04","-0.5(0.2), -1 - 0"
"29","1-3-3 Design | decreasing Number of Items | Forward Assembly Priority | information Routing","1-3-5","1-2-5","NA","798","-0.19","0.81","-0.7(0.36), -2 - -0.5"
"30","1-3-3 Design | decreasing Number of Items | Forward Assembly Priority | information Routing","1-3-6","1-2-5, 1-4-7","NA","2268","-0.02","0.82","0(0.53), -1 - 1"
"31","1-3-3 Design | decreasing Number of Items | Forward Assembly Priority | information Routing","1-3-7","1-4-7","NA","588","-0.08","0.93","0.6(0.21), 0.5 - 1"
"32","1-3-3 Design | decreasing Number of Items | Forward Assembly Priority | information Routing","1-4-6","1-3-6, 1-4-7","NA","756","-0.34","0.94","0.2(0.24), 0 - 0.5"
"33","1-3-3 Design | decreasing Number of Items | Forward Assembly Priority | information Routing","1-4-7","1-3-6","NA","42","-0.34","0.74","0(0), 0 - 0"
"34","1-3-4 Design | decreasing Number of Items | Forward Assembly Priority | information Routing","1-2-5","1-2-6, 1-3-6","NA","1806","0.53","1.21","-1(0.11), -1 - -0.5"
"35","1-3-4 Design | decreasing Number of Items | Forward Assembly Priority | information Routing","1-2-6","1-2-5, 1-3-6","NA","1680","0.32","1","-0.6(0.37), -1.5 - 0"
"36","1-3-4 Design | decreasing Number of Items | Forward Assembly Priority | information Routing","1-3-6","1-2-5, 1-2-6","NA","798","-0.6","1.25","-1.3(0.61), -3 - -1"
"37","1-3-4 Design | decreasing Number of Items | Forward Assembly Priority | information Routing","1-3-7","1-3-6, 1-4-8","NA","2268","-0.23","0.96","0.1(0.31), 0 - 1"
"38","1-3-4 Design | decreasing Number of Items | Forward Assembly Priority | information Routing","1-4-7","1-3-7, 1-4-8","NA","3696","-0.42","1.14","0.8(0.27), 0.5 - 1.5"
"39","1-3-4 Design | decreasing Number of Items | Forward Assembly Priority | information Routing","1-4-8","1-3-7","NA","42","-1.25","1.72","0.5(0), 0.5 - 0.5"
"40","1-3-3 Design | increasing Number of Items | Backward Assembly Priority | information Routing","1-2-5","1-3-6","NA","42","0.78","1.04","0(0), 0 - 0"
"41","1-3-3 Design | increasing Number of Items | Backward Assembly Priority | information Routing","1-2-6","1-2-5, 1-3-6, 1-4-7","NA","1470","0.09","0.77","-0.3(0.32), -1 - 0.5"
"42","1-3-3 Design | increasing Number of Items | Backward Assembly Priority | information Routing","1-3-5","1-2-5, 1-3-6","NA","2058","-0.43","1.1","-1.2(0.68), -3 - 0"
"43","1-3-3 Design | increasing Number of Items | Backward Assembly Priority | information Routing","1-3-6","1-2-5, 1-4-7","NA","2562","-0.08","0.81","0(0.55), -1 - 1"
"44","1-3-3 Design | increasing Number of Items | Backward Assembly Priority | information Routing","1-3-7","1-3-6, 1-4-7","NA","1512","0.17","0.9","0.9(0.59), 0 - 2.5"
"45","1-3-3 Design | increasing Number of Items | Backward Assembly Priority | information Routing","1-4-6","1-2-5, 1-3-6, 1-4-7","NA","1512","-0.4","1.08","0.2(0.4), -1 - 1"
"46","1-3-3 Design | increasing Number of Items | Backward Assembly Priority | information Routing","1-4-7","1-3-6","NA","84","-0.78","1.19","0(0), 0 - 0"
"47","1-3-4 Design | increasing Number of Items | Backward Assembly Priority | information Routing","1-2-5","1-3-6","NA","294","0.67","1.04","-0.5(0), -0.5 - -0.5"
"48","1-3-4 Design | increasing Number of Items | Backward Assembly Priority | information Routing","1-2-6","1-2-5, 1-3-6, 1-3-7, 1-4-7","NA","3150","0.25","0.93","-0.7(0.43), -1.5 - 0.5"
"49","1-3-4 Design | increasing Number of Items | Backward Assembly Priority | information Routing","1-3-6","1-2-5, 1-3-7, 1-4-7","NA","4368","-0.4","1.08","-1(0.95), -3 - 0.5"
"50","1-3-4 Design | increasing Number of Items | Backward Assembly Priority | information Routing","1-3-7","1-3-6, 1-4-7, 1-4-8","NA","2478","0.08","0.77","0.6(0.31), -0.5 - 1.5"
"51","1-3-4 Design | increasing Number of Items | Backward Assembly Priority | information Routing","1-4-7","1-3-7, 1-4-8","NA","2352","-0.27","1.01","0.8(0.45), 0 - 1.5"
"52","1-3-4 Design | increasing Number of Items | Backward Assembly Priority | information Routing","1-4-8","1-4-7","NA","126","-0.96","1.36","0.5(0), 0.5 - 0.5"
"53","1-3-3 Design | equal Number of Items | Backward Assembly Priority | information Routing","1-2-5","1-3-6","NA","84","0.89","1.33","0(0), 0 - 0"
"54","1-3-3 Design | equal Number of Items | Backward Assembly Priority | information Routing","1-2-6","1-2-5, 1-3-6","NA","714","0.24","0.96","-0.3(0.24), -0.5 - 0"
"55","1-3-3 Design | equal Number of Items | Backward Assembly Priority | information Routing","1-3-5","1-2-5, 1-3-6","NA","1806","-0.24","0.93","-0.8(0.51), -3 - 0"
"56","1-3-3 Design | equal Number of Items | Backward Assembly Priority | information Routing","1-3-6","1-2-5, 1-4-7","NA","2814","-0.09","0.82","0(0.56), -1 - 1"
"57","1-3-3 Design | equal Number of Items | Backward Assembly Priority | information Routing","1-3-7","1-3-6, 1-4-7","NA","966","-0.04","0.86","0.7(0.27), 0 - 1"
"58","1-3-3 Design | equal Number of Items | Backward Assembly Priority | information Routing","1-4-6","1-3-6, 1-4-7","NA","1008","-0.29","0.97","0.4(0.25), 0 - 1"
"59","1-3-3 Design | equal Number of Items | Backward Assembly Priority | information Routing","1-4-7","1-3-6","NA","294","-0.73","1.14","0(0), 0 - 0"
"60","1-3-4 Design | equal Number of Items | Backward Assembly Priority | information Routing","1-2-5","1-3-6","NA","210","0.67","1.3","-0.5(0), -0.5 - -0.5"
"61","1-3-4 Design | equal Number of Items | Backward Assembly Priority | information Routing","1-2-6","1-2-5, 1-3-6","NA","3864","0.2","0.9","-0.7(0.39), -2 - 0"
"62","1-3-4 Design | equal Number of Items | Backward Assembly Priority | information Routing","1-3-6","1-2-5","NA","840","-1.16","1.56","-1.7(0.71), -3 - -1"
"63","1-3-4 Design | equal Number of Items | Backward Assembly Priority | information Routing","1-3-7","1-3-6, 1-4-7, 1-4-8","NA","4200","-0.05","0.85","0.4(0.37), 0 - 1.5"
"64","1-3-4 Design | equal Number of Items | Backward Assembly Priority | information Routing","1-4-7","1-3-6, 1-4-8","NA","1806","-0.45","1.19","0.9(0.3), 0 - 1.5"
"65","1-3-4 Design | equal Number of Items | Backward Assembly Priority | information Routing","1-4-8","1-4-7","NA","126","-1.32","1.76","0.5(0), 0.5 - 0.5"
"66","1-3-3 Design | decreasing Number of Items | Backward Assembly Priority | information Routing","1-2-5","1-3-6","NA","84","0.72","1.02","0(0), 0 - 0"
"67","1-3-3 Design | decreasing Number of Items | Backward Assembly Priority | information Routing","1-2-6","1-2-5, 1-3-6","NA","1050","0.13","0.76","-0.4(0.25), -1 - 0"
"68","1-3-3 Design | decreasing Number of Items | Backward Assembly Priority | information Routing","1-3-5","1-2-5","NA","378","-0.16","0.97","-0.7(0.25), -1 - -0.5"
"69","1-3-3 Design | decreasing Number of Items | Backward Assembly Priority | information Routing","1-3-6","1-2-5, 1-4-7","NA","2898","-0.09","0.88","0(0.53), -1 - 1"
"70","1-3-3 Design | decreasing Number of Items | Backward Assembly Priority | information Routing","1-3-7","1-4-7","NA","798","-0.15","0.98","0.6(0.18), 0.5 - 1"
"71","1-3-3 Design | decreasing Number of Items | Backward Assembly Priority | information Routing","1-4-6","1-4-7","NA","378","-0.17","0.88","0.5(0), 0.5 - 0.5"
"72","1-3-3 Design | decreasing Number of Items | Backward Assembly Priority | information Routing","1-4-7","1-3-6","NA","84","-0.84","1.22","0(0), 0 - 0"
"73","1-3-4 Design | decreasing Number of Items | Backward Assembly Priority | information Routing","1-2-5","1-3-6","NA","126","0.95","1.45","-0.5(0), -0.5 - -0.5"
"74","1-3-4 Design | decreasing Number of Items | Backward Assembly Priority | information Routing","1-2-6","1-2-5, 1-3-6","NA","3948","0.23","0.98","-0.8(0.29), -1.5 - 0"
"75","1-3-4 Design | decreasing Number of Items | Backward Assembly Priority | information Routing","1-3-6","1-2-5","NA","504","-0.68","1.23","-1.2(0.43), -2.5 - -1"
"76","1-3-4 Design | decreasing Number of Items | Backward Assembly Priority | information Routing","1-3-7","1-3-6, 1-4-8","NA","1554","-0.16","0.85","0(0.16), 0 - 1"
"77","1-3-4 Design | decreasing Number of Items | Backward Assembly Priority | information Routing","1-4-7","1-3-6, 1-3-7, 1-4-8","NA","4536","-0.35","1.1","0.7(0.34), 0 - 1.5"
"78","1-3-3 Design | increasing Number of Items | Spiral Assembly Priority | information Routing","1-2-5","1-3-6","NA","126","0.73","1.05","0(0), 0 - 0"
"79","1-3-3 Design | increasing Number of Items | Spiral Assembly Priority | information Routing","1-2-6","1-2-5, 1-3-6, 1-4-7","NA","1596","0.15","0.83","-0.4(0.38), -1 - 0.5"
"80","1-3-3 Design | increasing Number of Items | Spiral Assembly Priority | information Routing","1-3-5","1-2-5, 1-3-6","NA","2100","-0.3","0.98","-1(0.66), -3 - 0"
"81","1-3-3 Design | increasing Number of Items | Spiral Assembly Priority | information Routing","1-3-6","1-2-5, 1-4-7","NA","1974","-0.05","0.79","0.1(0.51), -0.5 - 1"
"82","1-3-3 Design | increasing Number of Items | Spiral Assembly Priority | information Routing","1-3-7","1-3-6, 1-4-7","NA","1260","0","0.82","0.7(0.38), 0 - 1.5"
"83","1-3-3 Design | increasing Number of Items | Spiral Assembly Priority | information Routing","1-4-6","1-2-5, 1-3-6, 1-4-7","NA","1176","-0.4","1.1","0.2(0.34), -0.5 - 1"
"84","1-3-3 Design | increasing Number of Items | Spiral Assembly Priority | information Routing","1-4-7","1-2-5, 1-3-6","NA","336","-1.04","1.48","-0.1(0.17), -0.5 - 0"
"85","1-3-4 Design | increasing Number of Items | Spiral Assembly Priority | information Routing","1-2-5","1-3-6","NA","252","0.6","0.96","-0.5(0), -0.5 - -0.5"
"86","1-3-4 Design | increasing Number of Items | Spiral Assembly Priority | information Routing","1-2-6","1-2-5, 1-3-6","NA","3444","0.23","0.88","-0.7(0.42), -1.5 - 0"
"87","1-3-4 Design | increasing Number of Items | Spiral Assembly Priority | information Routing","1-3-6","1-2-5, 1-3-7","NA","3066","-0.57","1.18","-1.5(0.82), -3 - 0.5"
"88","1-3-4 Design | increasing Number of Items | Spiral Assembly Priority | information Routing","1-3-7","1-3-6, 1-4-8","NA","2394","0.03","0.85","0.5(0.62), -0.5 - 2"
"89","1-3-4 Design | increasing Number of Items | Spiral Assembly Priority | information Routing","1-4-7","1-3-6, 1-3-7, 1-4-8","NA","4368","-0.39","1.05","0.6(0.48), -0.5 - 1.5"
"90","1-3-4 Design | increasing Number of Items | Spiral Assembly Priority | information Routing","1-4-8","1-3-7","NA","378","-0.96","1.37","0.5(0), 0.5 - 0.5"
"91","1-3-3 Design | equal Number of Items | Spiral Assembly Priority | information Routing","1-2-5","1-3-6","NA","1260","0.4","0.95","-0.5(0.09), -0.5 - 0"
"92","1-3-3 Design | equal Number of Items | Spiral Assembly Priority | information Routing","1-2-6","1-2-5, 1-3-6","NA","1050","0.23","0.86","-0.4(0.27), -1 - 0"
"93","1-3-3 Design | equal Number of Items | Spiral Assembly Priority | information Routing","1-3-5","1-2-5, 1-3-6","NA","1554","-0.27","1.08","-0.9(0.73), -3 - 0"
"94","1-3-3 Design | equal Number of Items | Spiral Assembly Priority | information Routing","1-3-6","1-4-7","NA","1386","0.2","0.86","0.5(0), 0.5 - 0.5"
"95","1-3-3 Design | equal Number of Items | Spiral Assembly Priority | information Routing","1-3-7","1-3-6, 1-4-7","NA","1260","0.16","0.83","0.7(0.3), 0 - 1"
"96","1-3-3 Design | equal Number of Items | Spiral Assembly Priority | information Routing","1-4-6","1-3-6, 1-4-7","NA","714","-0.42","1.01","0.3(0.3), -0.5 - 0.5"
"97","1-3-3 Design | equal Number of Items | Spiral Assembly Priority | information Routing","1-4-7","1-3-6","NA","210","-0.73","1.2","0(0), 0 - 0"
"98","1-3-4 Design | equal Number of Items | Spiral Assembly Priority | information Routing","1-2-5","1-3-6","NA","168","0.73","1.16","-0.5(0), -0.5 - -0.5"
"99","1-3-4 Design | equal Number of Items | Spiral Assembly Priority | information Routing","1-2-6","1-2-5, 1-3-6","NA","3402","0.24","0.92","-0.7(0.35), -1.5 - 0"
"100","1-3-4 Design | equal Number of Items | Spiral Assembly Priority | information Routing","1-3-6","1-2-5","NA","672","-1.01","1.47","-1.8(0.79), -3 - -1"
"101","1-3-4 Design | equal Number of Items | Spiral Assembly Priority | information Routing","1-3-7","1-3-6, 1-4-8","NA","2520","-0.09","0.95","0.3(0.52), -0.5 - 2"
"102","1-3-4 Design | equal Number of Items | Spiral Assembly Priority | information Routing","1-4-7","1-3-6, 1-3-7, 1-4-8","NA","4032","-0.45","1.15","0.7(0.32), 0 - 1.5"
"103","1-3-4 Design | equal Number of Items | Spiral Assembly Priority | information Routing","1-4-8","1-3-7","NA","126","-1.28","1.76","0.5(0), 0.5 - 0.5"
"104","1-3-3 Design | decreasing Number of Items | Spiral Assembly Priority | information Routing","1-2-6","1-2-5, 1-3-6","NA","756","0.13","0.84","-0.4(0.21), -0.5 - 0"
"105","1-3-3 Design | decreasing Number of Items | Spiral Assembly Priority | information Routing","1-3-5","1-2-5","NA","798","-0.2","0.88","-0.7(0.23), -1 - -0.5"
"106","1-3-3 Design | decreasing Number of Items | Spiral Assembly Priority | information Routing","1-3-6","1-2-5, 1-4-7","NA","3024","-0.15","0.9","-0.1(0.59), -2 - 1"
"107","1-3-3 Design | decreasing Number of Items | Spiral Assembly Priority | information Routing","1-3-7","1-4-7","NA","840","0.06","0.91","0.7(0.23), 0.5 - 1"
"108","1-3-3 Design | decreasing Number of Items | Spiral Assembly Priority | information Routing","1-4-6","1-3-6, 1-4-7","NA","672","-0.42","1.07","0.3(0.23), 0 - 0.5"
"109","1-3-3 Design | decreasing Number of Items | Spiral Assembly Priority | information Routing","1-4-7","1-3-6","NA","42","-1.4","1.83","0(0), 0 - 0"
"110","1-3-4 Design | decreasing Number of Items | Spiral Assembly Priority | information Routing","1-2-5","1-2-6, 1-3-6","NA","1974","0.55","1.16","-1(0.14), -1 - -0.5"
"111","1-3-4 Design | decreasing Number of Items | Spiral Assembly Priority | information Routing","1-2-6","1-2-5, 1-3-6","NA","1974","0.27","0.97","-0.6(0.33), -1.5 - 0"
"112","1-3-4 Design | decreasing Number of Items | Spiral Assembly Priority | information Routing","1-3-6","1-2-5, 1-2-6, 1-4-7","NA","798","-0.65","1.21","-1.3(0.71), -3 - 0.5"
"113","1-3-4 Design | decreasing Number of Items | Spiral Assembly Priority | information Routing","1-3-7","1-3-6, 1-4-7, 1-4-8","NA","3948","-0.09","0.9","0.3(0.32), -0.5 - 1"
"114","1-3-4 Design | decreasing Number of Items | Spiral Assembly Priority | information Routing","1-4-7","1-3-6, 1-4-8","NA","2016","-0.29","1.08","1(0.18), 0 - 1.5"
"115","1-3-4 Design | decreasing Number of Items | Spiral Assembly Priority | information Routing","1-4-8","1-4-7","NA","42","-0.92","1.26","0.5(0), 0.5 - 0.5"
"116","1-3-3 Design | increasing Number of Items | Random Assembly Priority | information Routing","1-2-5","1-3-6","NA","42","0.6","0.79","0(0), 0 - 0"
"117","1-3-3 Design | increasing Number of Items | Random Assembly Priority | information Routing","1-2-6","1-2-5, 1-3-6","NA","1386","0.22","0.84","-0.2(0.33), -1 - 0.5"
"118","1-3-3 Design | increasing Number of Items | Random Assembly Priority | information Routing","1-3-5","1-2-5, 1-3-6","NA","2226","-0.34","1.12","-1.4(0.85), -3 - 0"
"119","1-3-3 Design | increasing Number of Items | Random Assembly Priority | information Routing","1-3-6","1-2-5, 1-4-7","NA","1638","-0.2","0.79","-0.4(0.48), -1 - 1"
"120","1-3-3 Design | increasing Number of Items | Random Assembly Priority | information Routing","1-3-7","1-3-6, 1-4-7","NA","1344","0.07","0.75","0.8(0.41), 0 - 2"
"121","1-3-3 Design | increasing Number of Items | Random Assembly Priority | information Routing","1-4-6","1-2-5, 1-3-6","NA","882","-0.45","1.08","0(0.46), -1.5 - 0.5"
"122","1-3-3 Design | increasing Number of Items | Random Assembly Priority | information Routing","1-4-7","1-3-6","NA","1806","-0.54","1.08","0.4(0.18), 0 - 0.5"
"123","1-3-4 Design | increasing Number of Items | Random Assembly Priority | information Routing","1-2-5","1-3-6, 1-3-7","NA","294","0.76","1.23","-0.4(0.18), -0.5 - 0"
"124","1-3-4 Design | increasing Number of Items | Random Assembly Priority | information Routing","1-2-6","1-2-5, 1-3-6, 1-3-7","NA","3696","0.18","0.94","-0.7(0.46), -2 - 0.5"
"125","1-3-4 Design | increasing Number of Items | Random Assembly Priority | information Routing","1-3-6","1-2-5, 1-3-7","NA","4242","-0.24","1.12","-1(1.04), -3 - 0.5"
"126","1-3-4 Design | increasing Number of Items | Random Assembly Priority | information Routing","1-3-7","1-4-8","NA","1554","0.25","0.9","1.3(0.49), 1 - 3"
"127","1-3-4 Design | increasing Number of Items | Random Assembly Priority | information Routing","1-4-7","1-3-7, 1-4-8","NA","2856","-0.48","1.18","0.8(0.39), 0 - 2"
"128","1-3-4 Design | increasing Number of Items | Random Assembly Priority | information Routing","1-4-8","1-3-7","NA","252","-1.18","1.59","0.5(0), 0.5 - 0.5"
"129","1-3-3 Design | equal Number of Items | Random Assembly Priority | information Routing","1-2-6","1-2-5, 1-3-6","NA","798","0.27","0.91","-0.3(0.24), -0.5 - 0"
"130","1-3-3 Design | equal Number of Items | Random Assembly Priority | information Routing","1-3-5","1-2-5, 1-3-6","NA","1386","-0.16","0.97","-0.7(0.62), -3 - 0"
"131","1-3-3 Design | equal Number of Items | Random Assembly Priority | information Routing","1-3-6","1-2-5, 1-4-7","NA","2940","-0.12","0.85","-0.1(0.58), -1.5 - 0.5"
"132","1-3-3 Design | equal Number of Items | Random Assembly Priority | information Routing","1-3-7","1-4-7","NA","1008","0.1","0.84","0.7(0.32), 0.5 - 1.5"
"133","1-3-3 Design | equal Number of Items | Random Assembly Priority | information Routing","1-4-6","1-3-6, 1-4-7","NA","966","-0.29","0.94","0.3(0.27), 0 - 1"
"134","1-3-3 Design | equal Number of Items | Random Assembly Priority | information Routing","1-4-7","1-3-6","NA","84","-0.86","1.23","0(0), 0 - 0"
"135","1-3-4 Design | equal Number of Items | Random Assembly Priority | information Routing","1-2-5","1-2-6","NA","1848","0.63","1.23","-1(0), -1 - -1"
"136","1-3-4 Design | equal Number of Items | Random Assembly Priority | information Routing","1-2-6","1-2-5, 1-3-7","NA","378","0.29","1.18","-0.7(0.75), -1.5 - 0"
"137","1-3-4 Design | equal Number of Items | Random Assembly Priority | information Routing","1-3-6","1-2-5, 1-2-6, 1-3-7","NA","4368","-0.08","0.89","-0.4(0.49), -2.5 - 0"
"138","1-3-4 Design | equal Number of Items | Random Assembly Priority | information Routing","1-3-7","1-2-6, 1-4-7","NA","1260","0.08","0.84","0.5(0.2), -0.5 - 1"
"139","1-3-4 Design | equal Number of Items | Random Assembly Priority | information Routing","1-4-7","1-2-6, 1-3-7, 1-4-8","NA","546","-0.55","1.2","0.2(0.57), -0.5 - 1.5"
"140","1-3-4 Design | equal Number of Items | Random Assembly Priority | information Routing","1-4-8","1-4-7","NA","1722","-0.88","1.4","1(0.11), 0.5 - 1"
"141","1-3-3 Design | decreasing Number of Items | Random Assembly Priority | information Routing","1-2-5","1-3-6","NA","84","0.55","0.73","0(0), 0 - 0"
"142","1-3-3 Design | decreasing Number of Items | Random Assembly Priority | information Routing","1-2-6","1-2-5, 1-3-6","NA","714","0.12","0.89","-0.4(0.26), -1 - 0"
"143","1-3-3 Design | decreasing Number of Items | Random Assembly Priority | information Routing","1-3-5","1-2-5, 1-3-6","NA","462","-0.2","1.08","-0.8(0.78), -3 - 0"
"144","1-3-3 Design | decreasing Number of Items | Random Assembly Priority | information Routing","1-3-6","1-2-5, 1-4-7","NA","1932","-0.04","0.82","-0.1(0.5), -1 - 0.5"
"145","1-3-3 Design | decreasing Number of Items | Random Assembly Priority | information Routing","1-3-7","1-3-6, 1-4-7","NA","798","-0.04","0.8","0.5(0.2), 0 - 1"
"146","1-3-3 Design | decreasing Number of Items | Random Assembly Priority | information Routing","1-4-6","1-3-6, 1-4-7","NA","378","-0.51","1.18","0.3(0.25), 0 - 0.5"
"147","1-3-3 Design | decreasing Number of Items | Random Assembly Priority | information Routing","1-4-7","1-3-6","NA","84","-0.36","0.75","0(0), 0 - 0"
"148","1-3-4 Design | decreasing Number of Items | Random Assembly Priority | information Routing","1-2-5","1-2-6","NA","1890","0.76","1.39","-1(0.14), -1 - -0.5"
"149","1-3-4 Design | decreasing Number of Items | Random Assembly Priority | information Routing","1-2-6","1-2-5, 1-3-6","NA","378","-0.01","1","-1.2(0.62), -1.5 - 0"
"150","1-3-4 Design | decreasing Number of Items | Random Assembly Priority | information Routing","1-3-6","1-2-5, 1-2-6","NA","2352","-0.19","0.92","-0.6(0.23), -1.5 - -0.5"
"151","1-3-4 Design | decreasing Number of Items | Random Assembly Priority | information Routing","1-3-7","1-3-6, 1-4-7","NA","3360","-0.16","0.98","0.2(0.29), 0 - 1"
"152","1-3-4 Design | decreasing Number of Items | Random Assembly Priority | information Routing","1-4-7","1-3-6, 1-4-8","NA","672","-0.19","1.02","0.8(0.74), 0 - 1.5"
"153","1-3-4 Design | decreasing Number of Items | Random Assembly Priority | information Routing","1-4-8","1-4-7","NA","1806","-0.92","1.51","1(0.11), 0.5 - 1"
"154","1-3-3 Design | increasing Number of Items | Forward Assembly Priority | theta Routing","1-2-5","1-3-6","NA","252","0.46","0.9","0(0), 0 - 0"
"155","1-3-3 Design | increasing Number of Items | Forward Assembly Priority | theta Routing","1-2-6","1-2-5, 1-3-6, 1-4-7","NA","1680","0.16","0.89","-0.2(0.37), -1 - 0.5"
"156","1-3-3 Design | increasing Number of Items | Forward Assembly Priority | theta Routing","1-3-5","1-2-5, 1-3-6","NA","2268","-0.41","1.11","-1.2(0.79), -3 - 0"
"157","1-3-3 Design | increasing Number of Items | Forward Assembly Priority | theta Routing","1-3-6","1-2-5, 1-4-7","NA","2142","0.03","0.85","0(0.57), -1 - 1"
"158","1-3-3 Design | increasing Number of Items | Forward Assembly Priority | theta Routing","1-3-7","1-2-5, 1-3-6, 1-4-7","NA","1428","0.12","0.81","0.7(0.44), -0.5 - 1.5"
"159","1-3-3 Design | increasing Number of Items | Forward Assembly Priority | theta Routing","1-4-6","1-2-5, 1-3-6, 1-4-7","NA","1428","-0.32","1.03","0.2(0.35), -0.5 - 0.5"
"160","1-3-3 Design | increasing Number of Items | Forward Assembly Priority | theta Routing","1-4-7","1-3-6","NA","210","-0.92","1.37","0(0), 0 - 0"
"161","1-3-4 Design | increasing Number of Items | Forward Assembly Priority | theta Routing","1-2-5","1-2-6, 1-3-7","NA","1050","0.48","0.93","-0.5(0.1), -0.5 - 0"
"162","1-3-4 Design | increasing Number of Items | Forward Assembly Priority | theta Routing","1-2-6","1-2-5, 1-3-7, 1-4-7","NA","1554","0.12","0.83","-0.3(0.5), -1 - 0.5"
"163","1-3-4 Design | increasing Number of Items | Forward Assembly Priority | theta Routing","1-3-6","1-2-5, 1-2-6, 1-3-7","NA","2898","-0.32","0.96","-0.6(0.71), -3 - 0"
"164","1-3-4 Design | increasing Number of Items | Forward Assembly Priority | theta Routing","1-3-7","1-2-6, 1-4-7, 1-4-8","NA","2184","0.11","0.79","0.7(0.39), -0.5 - 2"
"165","1-3-4 Design | increasing Number of Items | Forward Assembly Priority | theta Routing","1-4-7","1-2-6, 1-3-7, 1-4-8","NA","1386","-0.47","1.1","0.2(0.5), -0.5 - 1.5"
"166","1-3-4 Design | increasing Number of Items | Forward Assembly Priority | theta Routing","1-4-8","1-3-7, 1-4-7","NA","1512","-0.67","1.16","0.4(0.16), 0 - 0.5"
"167","1-3-3 Design | equal Number of Items | Forward Assembly Priority | theta Routing","1-2-5","1-3-6","NA","84","0.64","0.91","0(0), 0 - 0"
"168","1-3-3 Design | equal Number of Items | Forward Assembly Priority | theta Routing","1-2-6","1-2-5, 1-3-6","NA","462","0.01","0.81","-0.4(0.22), -0.5 - 0"
"169","1-3-3 Design | equal Number of Items | Forward Assembly Priority | theta Routing","1-3-5","1-2-5, 1-3-6","NA","1302","-0.18","0.85","-0.6(0.29), -1 - 0"
"170","1-3-3 Design | equal Number of Items | Forward Assembly Priority | theta Routing","1-3-6","1-2-5, 1-4-7","NA","2016","-0.15","0.85","-0.1(0.51), -1 - 0.5"
"171","1-3-3 Design | equal Number of Items | Forward Assembly Priority | theta Routing","1-3-7","1-3-6, 1-4-7","NA","924","-0.03","0.82","0.6(0.23), 0 - 1"
"172","1-3-3 Design | equal Number of Items | Forward Assembly Priority | theta Routing","1-4-6","1-3-6, 1-4-7","NA","798","-0.25","0.9","0.3(0.24), 0 - 0.5"
"173","1-3-3 Design | equal Number of Items | Forward Assembly Priority | theta Routing","1-4-7","1-3-6","NA","210","-0.77","1.15","0(0), 0 - 0"
"174","1-3-4 Design | equal Number of Items | Forward Assembly Priority | theta Routing","1-2-5","1-2-6, 1-3-7","NA","756","0.54","1.04","-0.5(0.11), -0.5 - 0"
"175","1-3-4 Design | equal Number of Items | Forward Assembly Priority | theta Routing","1-2-6","1-2-5, 1-3-7","NA","588","0.07","0.89","-0.5(0.55), -1.5 - 0"
"176","1-3-4 Design | equal Number of Items | Forward Assembly Priority | theta Routing","1-3-6","1-2-5, 1-2-6, 1-3-7","NA","3318","-0.12","0.86","-0.3(0.34), -1.5 - 0"
"177","1-3-4 Design | equal Number of Items | Forward Assembly Priority | theta Routing","1-3-7","1-2-6, 1-4-7, 1-4-8","NA","1596","0.18","0.83","0.5(0.24), -0.5 - 1"
"178","1-3-4 Design | equal Number of Items | Forward Assembly Priority | theta Routing","1-4-7","1-2-6, 1-3-7, 1-4-8","NA","798","-0.44","1.06","0.3(0.5), -0.5 - 1"
"179","1-3-4 Design | equal Number of Items | Forward Assembly Priority | theta Routing","1-4-8","1-3-7, 1-4-7","NA","1176","-0.75","1.26","0.5(0.09), 0 - 0.5"
"180","1-3-3 Design | decreasing Number of Items | Forward Assembly Priority | theta Routing","1-2-6","1-2-5, 1-3-6","NA","672","0.26","0.9","-0.2(0.25), -0.5 - 0"
"181","1-3-3 Design | decreasing Number of Items | Forward Assembly Priority | theta Routing","1-3-5","1-2-5","NA","840","-0.27","0.82","-0.7(0.29), -1.5 - -0.5"
"182","1-3-3 Design | decreasing Number of Items | Forward Assembly Priority | theta Routing","1-3-6","1-2-5, 1-4-7","NA","2058","-0.08","0.83","0(0.5), -0.5 - 0.5"
"183","1-3-3 Design | decreasing Number of Items | Forward Assembly Priority | theta Routing","1-3-7","1-3-6, 1-4-7","NA","630","0.07","0.81","0.6(0.27), 0 - 1"
"184","1-3-3 Design | decreasing Number of Items | Forward Assembly Priority | theta Routing","1-4-6","1-3-6, 1-4-7","NA","546","-0.29","0.93","0.2(0.25), 0 - 0.5"
"185","1-3-3 Design | decreasing Number of Items | Forward Assembly Priority | theta Routing","1-4-7","1-3-6","NA","84","-0.67","0.99","0(0), 0 - 0"
"186","1-3-4 Design | decreasing Number of Items | Forward Assembly Priority | theta Routing","1-2-5","1-2-6","NA","1092","0.66","1.2","-0.5(0), -0.5 - -0.5"
"187","1-3-4 Design | decreasing Number of Items | Forward Assembly Priority | theta Routing","1-2-6","1-2-5, 1-3-7","NA","756","0.2","0.87","-0.4(0.49), -1 - 0"
"188","1-3-4 Design | decreasing Number of Items | Forward Assembly Priority | theta Routing","1-3-6","1-2-5, 1-2-6, 1-3-7","NA","3234","-0.14","0.83","-0.3(0.34), -1.5 - 0"
"189","1-3-4 Design | decreasing Number of Items | Forward Assembly Priority | theta Routing","1-3-7","1-4-8","NA","42","0.52","0.73","1(0), 1 - 1"
"190","1-3-4 Design | decreasing Number of Items | Forward Assembly Priority | theta Routing","1-4-7","1-3-7, 1-4-8","NA","1638","-0.4","1.14","0.5(0.23), 0 - 1"
"191","1-3-4 Design | decreasing Number of Items | Forward Assembly Priority | theta Routing","1-4-8","1-3-7","NA","882","-0.59","1.25","0.5(0), 0.5 - 0.5"
"192","1-3-3 Design | increasing Number of Items | Backward Assembly Priority | theta Routing","1-2-5","1-3-6","NA","294","0.48","0.86","0(0), 0 - 0"
"193","1-3-3 Design | increasing Number of Items | Backward Assembly Priority | theta Routing","1-2-6","1-2-5, 1-3-6, 1-4-7","NA","1386","0.21","0.85","-0.2(0.31), -0.5 - 0.5"
"194","1-3-3 Design | increasing Number of Items | Backward Assembly Priority | theta Routing","1-3-5","1-2-5, 1-3-6","NA","2478","-0.46","1.1","-1.3(0.8), -3 - 0"
"195","1-3-3 Design | increasing Number of Items | Backward Assembly Priority | theta Routing","1-3-6","1-2-5, 1-4-7","NA","2016","-0.14","0.81","-0.2(0.57), -1 - 1"
"196","1-3-3 Design | increasing Number of Items | Backward Assembly Priority | theta Routing","1-3-7","1-3-6, 1-4-7","NA","2016","0.03","0.77","0.7(0.41), 0 - 1.5"
"197","1-3-3 Design | increasing Number of Items | Backward Assembly Priority | theta Routing","1-4-6","1-2-5, 1-3-6, 1-4-7","NA","1596","-0.37","1.06","0.2(0.39), -1 - 1"
"198","1-3-3 Design | increasing Number of Items | Backward Assembly Priority | theta Routing","1-4-7","1-3-6","NA","252","-1","1.5","0(0), 0 - 0"
"199","1-3-4 Design | increasing Number of Items | Backward Assembly Priority | theta Routing","1-2-5","1-3-6","NA","840","0.48","1.02","-0.5(0), -0.5 - -0.5"
"200","1-3-4 Design | increasing Number of Items | Backward Assembly Priority | theta Routing","1-2-6","1-2-5, 1-3-6, 1-3-7","NA","2436","0.15","0.83","-0.4(0.36), -1 - 0.5"
"201","1-3-4 Design | increasing Number of Items | Backward Assembly Priority | theta Routing","1-3-6","1-2-5, 1-3-7","NA","1554","-0.69","1.22","-1.5(0.73), -3 - 0.5"
"202","1-3-4 Design | increasing Number of Items | Backward Assembly Priority | theta Routing","1-3-7","1-3-6, 1-4-8","NA","2226","-0.13","0.84","0.2(0.54), -0.5 - 2"
"203","1-3-4 Design | increasing Number of Items | Backward Assembly Priority | theta Routing","1-4-7","1-3-6, 1-3-7, 1-4-8","NA","2478","-0.34","1","0.4(0.38), -0.5 - 1"
"204","1-3-4 Design | increasing Number of Items | Backward Assembly Priority | theta Routing","1-4-8","1-3-6, 1-3-7","NA","882","-0.48","1.02","0.5(0.11), 0 - 0.5"
"205","1-3-3 Design | equal Number of Items | Backward Assembly Priority | theta Routing","1-2-5","1-3-6","NA","126","0.95","1.35","0(0), 0 - 0"
"206","1-3-3 Design | equal Number of Items | Backward Assembly Priority | theta Routing","1-2-6","1-2-5, 1-3-6","NA","756","0.31","0.9","-0.3(0.25), -0.5 - 0"
"207","1-3-3 Design | equal Number of Items | Backward Assembly Priority | theta Routing","1-3-5","1-2-5, 1-3-6","NA","1134","-0.17","0.91","-0.7(0.44), -2.5 - 0"
"208","1-3-3 Design | equal Number of Items | Backward Assembly Priority | theta Routing","1-3-6","1-2-5, 1-4-7","NA","2940","0.03","0.83","-0.1(0.53), -1 - 1"
"209","1-3-3 Design | equal Number of Items | Backward Assembly Priority | theta Routing","1-3-7","1-3-6, 1-4-7","NA","630","0.11","0.98","0.6(0.25), 0 - 1"
"210","1-3-3 Design | equal Number of Items | Backward Assembly Priority | theta Routing","1-4-6","1-3-6, 1-4-7","NA","1134","-0.36","0.93","0.2(0.28), 0 - 1"
"211","1-3-3 Design | equal Number of Items | Backward Assembly Priority | theta Routing","1-4-7","1-3-6","NA","84","-0.57","0.76","0(0), 0 - 0"
"212","1-3-4 Design | equal Number of Items | Backward Assembly Priority | theta Routing","1-2-5","1-3-6","NA","840","0.54","1.1","-0.5(0), -0.5 - -0.5"
"213","1-3-4 Design | equal Number of Items | Backward Assembly Priority | theta Routing","1-2-6","1-2-5, 1-3-6","NA","1932","0.14","0.84","-0.5(0.28), -1 - 0"
"214","1-3-4 Design | equal Number of Items | Backward Assembly Priority | theta Routing","1-3-6","1-2-5","NA","588","-0.73","1.14","-1.2(0.53), -3 - -1"
"215","1-3-4 Design | equal Number of Items | Backward Assembly Priority | theta Routing","1-3-7","1-3-6, 1-4-8","NA","1974","-0.17","0.86","0.2(0.43), -0.5 - 1.5"
"216","1-3-4 Design | equal Number of Items | Backward Assembly Priority | theta Routing","1-4-7","1-3-6, 1-3-7, 1-4-8","NA","2520","-0.32","1.1","0.5(0.33), 0 - 1"
"217","1-3-4 Design | equal Number of Items | Backward Assembly Priority | theta Routing","1-4-8","1-3-6, 1-3-7","NA","1092","-0.72","1.25","0.5(0.1), 0 - 0.5"
"218","1-3-3 Design | decreasing Number of Items | Backward Assembly Priority | theta Routing","1-2-5","1-3-6","NA","84","0.52","0.88","0(0), 0 - 0"
"219","1-3-3 Design | decreasing Number of Items | Backward Assembly Priority | theta Routing","1-2-6","1-2-5, 1-3-6","NA","546","0.19","0.98","-0.4(0.21), -0.5 - 0"
"220","1-3-3 Design | decreasing Number of Items | Backward Assembly Priority | theta Routing","1-3-5","1-2-5","NA","756","-0.19","0.88","-0.7(0.29), -1.5 - -0.5"
"221","1-3-3 Design | decreasing Number of Items | Backward Assembly Priority | theta Routing","1-3-6","1-2-5, 1-4-7","NA","2394","-0.11","0.85","-0.1(0.52), -1 - 0.5"
"222","1-3-3 Design | decreasing Number of Items | Backward Assembly Priority | theta Routing","1-3-7","1-3-6, 1-4-7","NA","420","-0.01","0.88","0.4(0.15), 0 - 0.5"
"223","1-3-3 Design | decreasing Number of Items | Backward Assembly Priority | theta Routing","1-4-6","1-3-6, 1-4-7","NA","546","-0.29","1","0.3(0.23), 0 - 0.5"
"224","1-3-3 Design | decreasing Number of Items | Backward Assembly Priority | theta Routing","1-4-7","1-3-6","NA","42","-0.51","0.73","0(0), 0 - 0"
"225","1-3-4 Design | decreasing Number of Items | Backward Assembly Priority | theta Routing","1-2-5","1-3-6","NA","798","0.49","1.06","-0.5(0), -0.5 - -0.5"
"226","1-3-4 Design | decreasing Number of Items | Backward Assembly Priority | theta Routing","1-2-6","1-2-5, 1-3-6","NA","2016","0.13","0.9","-0.5(0.25), -1 - 0"
"227","1-3-4 Design | decreasing Number of Items | Backward Assembly Priority | theta Routing","1-3-6","1-2-5, 1-3-7","NA","210","-0.42","1.1","-0.8(0.68), -1.5 - 0.5"
"228","1-3-4 Design | decreasing Number of Items | Backward Assembly Priority | theta Routing","1-3-7","1-3-6, 1-4-8","NA","1932","-0.09","0.79","0(0.27), -0.5 - 1"
"229","1-3-4 Design | decreasing Number of Items | Backward Assembly Priority | theta Routing","1-4-7","1-3-6, 1-3-7, 1-4-8","NA","1848","-0.38","1.08","0.5(0.24), 0 - 1"
"230","1-3-4 Design | decreasing Number of Items | Backward Assembly Priority | theta Routing","1-4-8","1-3-7","NA","630","-0.53","1.08","0.5(0), 0.5 - 0.5"
"231","1-3-3 Design | increasing Number of Items | Spiral Assembly Priority | theta Routing","1-2-5","1-3-6","NA","126","0.7","1.13","0(0), 0 - 0"
"232","1-3-3 Design | increasing Number of Items | Spiral Assembly Priority | theta Routing","1-2-6","1-2-5, 1-3-6, 1-4-7","NA","1386","0.18","0.85","-0.3(0.43), -1 - 0.5"
"233","1-3-3 Design | increasing Number of Items | Spiral Assembly Priority | theta Routing","1-3-5","1-2-5, 1-3-6","NA","1806","-0.41","1.05","-1.2(0.81), -3 - 0"
"234","1-3-3 Design | increasing Number of Items | Spiral Assembly Priority | theta Routing","1-3-6","1-2-5, 1-4-7","NA","2814","-0.05","0.83","0(0.6), -1 - 1"
"235","1-3-3 Design | increasing Number of Items | Spiral Assembly Priority | theta Routing","1-3-7","1-3-6, 1-4-7","NA","1134","0.13","0.82","0.8(0.37), 0 - 1.5"
"236","1-3-3 Design | increasing Number of Items | Spiral Assembly Priority | theta Routing","1-4-6","1-2-5, 1-3-6, 1-4-7","NA","1848","-0.23","0.94","0.2(0.33), -0.5 - 1"
"237","1-3-3 Design | increasing Number of Items | Spiral Assembly Priority | theta Routing","1-4-7","1-3-6","NA","126","-0.75","1.1","0(0), 0 - 0"
"238","1-3-4 Design | increasing Number of Items | Spiral Assembly Priority | theta Routing","1-2-5","1-3-6","NA","1218","0.49","0.94","-0.5(0.09), -0.5 - 0"
"239","1-3-4 Design | increasing Number of Items | Spiral Assembly Priority | theta Routing","1-2-6","1-2-5, 1-3-6, 1-3-7","NA","2898","0.18","0.87","-0.4(0.42), -1 - 0.5"
"240","1-3-4 Design | increasing Number of Items | Spiral Assembly Priority | theta Routing","1-3-6","1-2-5, 1-3-7","NA","1302","-0.63","1.2","-1.4(0.8), -3 - 0.5"
"241","1-3-4 Design | increasing Number of Items | Spiral Assembly Priority | theta Routing","1-3-7","1-3-6, 1-4-8","NA","2310","-0.03","0.81","0.4(0.58), -0.5 - 1.5"
"242","1-3-4 Design | increasing Number of Items | Spiral Assembly Priority | theta Routing","1-4-7","1-2-5, 1-3-6, 1-3-7, 1-4-8","NA","2058","-0.39","1.08","0.3(0.41), -1 - 1.5"
"243","1-3-4 Design | increasing Number of Items | Spiral Assembly Priority | theta Routing","1-4-8","1-3-6, 1-3-7","NA","1302","-0.59","1.09","0.5(0.12), 0 - 0.5"
"244","1-3-3 Design | equal Number of Items | Spiral Assembly Priority | theta Routing","1-2-5","1-3-6, 1-4-7","NA","168","0.73","1.14","0.1(0.22), 0 - 0.5"
"245","1-3-3 Design | equal Number of Items | Spiral Assembly Priority | theta Routing","1-2-6","1-2-5, 1-3-6","NA","714","-0.02","0.79","-0.4(0.26), -1 - 0"
"246","1-3-3 Design | equal Number of Items | Spiral Assembly Priority | theta Routing","1-3-5","1-2-5","NA","1008","-0.3","1.01","-0.9(0.46), -2 - -0.5"
"247","1-3-3 Design | equal Number of Items | Spiral Assembly Priority | theta Routing","1-3-6","1-2-5, 1-4-7","NA","2604","-0.02","0.89","0.1(0.53), -1 - 1"
"248","1-3-3 Design | equal Number of Items | Spiral Assembly Priority | theta Routing","1-3-7","1-4-7","NA","588","0.08","0.74","0.6(0.18), 0.5 - 1"
"249","1-3-3 Design | equal Number of Items | Spiral Assembly Priority | theta Routing","1-4-6","1-2-5, 1-3-6, 1-4-7","NA","798","-0.31","1.03","0.2(0.3), -0.5 - 0.5"
"250","1-3-3 Design | equal Number of Items | Spiral Assembly Priority | theta Routing","1-4-7","1-2-5, 1-3-6","NA","168","-0.71","1.06","-0.1(0.22), -0.5 - 0"
"251","1-3-4 Design | equal Number of Items | Spiral Assembly Priority | theta Routing","1-2-5","1-2-6","NA","924","0.42","1","-0.5(0), -0.5 - -0.5"
"252","1-3-4 Design | equal Number of Items | Spiral Assembly Priority | theta Routing","1-2-6","1-2-5, 1-3-6","NA","756","0.19","0.93","-0.4(0.5), -1 - 0"
"253","1-3-4 Design | equal Number of Items | Spiral Assembly Priority | theta Routing","1-3-6","1-2-5, 1-2-6","NA","2016","-0.24","0.86","-0.6(0.21), -1 - -0.5"
"254","1-3-4 Design | equal Number of Items | Spiral Assembly Priority | theta Routing","1-3-7","1-2-6, 1-3-6, 1-4-8","NA","1512","-0.1","0.86","0.2(0.41), -0.5 - 1"
"255","1-3-4 Design | equal Number of Items | Spiral Assembly Priority | theta Routing","1-4-7","1-2-6, 1-3-6, 1-3-7, 1-4-8","NA","1974","-0.45","1.12","0.4(0.3), -0.5 - 1"
"256","1-3-4 Design | equal Number of Items | Spiral Assembly Priority | theta Routing","1-4-8","1-3-7","NA","1260","-0.66","1.22","0.5(0), 0.5 - 0.5"
"257","1-3-3 Design | decreasing Number of Items | Spiral Assembly Priority | theta Routing","1-2-5","1-3-6","NA","168","0.75","1.21","0(0), 0 - 0"
"258","1-3-3 Design | decreasing Number of Items | Spiral Assembly Priority | theta Routing","1-2-6","1-2-5, 1-3-6","NA","630","0.17","0.87","-0.3(0.24), -0.5 - 0"
"259","1-3-3 Design | decreasing Number of Items | Spiral Assembly Priority | theta Routing","1-3-5","1-2-5, 1-3-6","NA","756","-0.28","0.83","-0.7(0.41), -2 - 0"
"260","1-3-3 Design | decreasing Number of Items | Spiral Assembly Priority | theta Routing","1-3-6","1-2-5, 1-4-7","NA","2100","-0.16","0.87","-0.1(0.49), -1 - 0.5"
"261","1-3-3 Design | decreasing Number of Items | Spiral Assembly Priority | theta Routing","1-3-7","1-3-6, 1-4-7","NA","840","-0.01","0.83","0.5(0.16), 0 - 1"
"262","1-3-3 Design | decreasing Number of Items | Spiral Assembly Priority | theta Routing","1-4-6","1-3-6, 1-4-7","NA","672","-0.43","1.13","0.4(0.22), 0 - 0.5"
"263","1-3-3 Design | decreasing Number of Items | Spiral Assembly Priority | theta Routing","1-4-7","1-3-6","NA","168","-0.72","1.18","0(0), 0 - 0"
"264","1-3-4 Design | decreasing Number of Items | Spiral Assembly Priority | theta Routing","1-2-5","1-3-6","NA","798","0.4","0.85","-0.5(0), -0.5 - -0.5"
"265","1-3-4 Design | decreasing Number of Items | Spiral Assembly Priority | theta Routing","1-2-6","1-2-5, 1-3-6","NA","2310","0.05","0.82","-0.6(0.32), -1.5 - 0"
"266","1-3-4 Design | decreasing Number of Items | Spiral Assembly Priority | theta Routing","1-3-6","1-2-5","NA","252","-0.66","0.92","-1(0), -1 - -1"
"267","1-3-4 Design | decreasing Number of Items | Spiral Assembly Priority | theta Routing","1-3-7","1-3-6, 1-4-7, 1-4-8","NA","3654","-0.01","0.87","0.3(0.31), -0.5 - 1"
"268","1-3-4 Design | decreasing Number of Items | Spiral Assembly Priority | theta Routing","1-4-7","1-3-6, 1-4-8","NA","462","-0.39","1.1","0.4(0.48), 0 - 1"
"269","1-3-4 Design | decreasing Number of Items | Spiral Assembly Priority | theta Routing","1-4-8","1-4-7","NA","714","-0.58","1.17","0.5(0), 0.5 - 0.5"
"270","1-3-3 Design | increasing Number of Items | Random Assembly Priority | theta Routing","1-2-5","1-3-6","NA","168","0.81","1.24","0(0), 0 - 0"
"271","1-3-3 Design | increasing Number of Items | Random Assembly Priority | theta Routing","1-2-6","1-2-5, 1-3-6, 1-4-7","NA","1722","0.16","0.76","-0.2(0.31), -1 - 0.5"
"272","1-3-3 Design | increasing Number of Items | Random Assembly Priority | theta Routing","1-3-5","1-2-5, 1-3-6","NA","2142","-0.3","1.02","-1.1(0.81), -3 - 0"
"273","1-3-3 Design | increasing Number of Items | Random Assembly Priority | theta Routing","1-3-6","1-2-5, 1-4-7","NA","2310","-0.08","0.81","0(0.56), -1 - 1"
"274","1-3-3 Design | increasing Number of Items | Random Assembly Priority | theta Routing","1-3-7","1-4-7","NA","1428","0.04","0.8","0.7(0.27), 0.5 - 1.5"
"275","1-3-3 Design | increasing Number of Items | Random Assembly Priority | theta Routing","1-4-6","1-2-5, 1-3-6, 1-4-7","NA","1176","-0.46","1.12","0.1(0.32), -0.5 - 0.5"
"276","1-3-3 Design | increasing Number of Items | Random Assembly Priority | theta Routing","1-4-7","1-3-6","NA","210","-0.56","0.95","0(0), 0 - 0"
"277","1-3-4 Design | increasing Number of Items | Random Assembly Priority | theta Routing","1-2-5","1-2-6","NA","588","0.44","0.87","-0.5(0), -0.5 - -0.5"
"278","1-3-4 Design | increasing Number of Items | Random Assembly Priority | theta Routing","1-2-6","1-2-5, 1-3-6","NA","966","0.21","0.89","-0.3(0.46), -1 - 0"
"279","1-3-4 Design | increasing Number of Items | Random Assembly Priority | theta Routing","1-3-6","1-2-5, 1-2-6","NA","2856","-0.4","1.03","-1(0.73), -3 - -0.5"
"280","1-3-4 Design | increasing Number of Items | Random Assembly Priority | theta Routing","1-3-7","1-2-6, 1-3-6, 1-4-7, 1-4-8","NA","3402","0.02","0.74","0.4(0.4), -0.5 - 1.5"
"281","1-3-4 Design | increasing Number of Items | Random Assembly Priority | theta Routing","1-4-7","1-2-6, 1-3-6, 1-4-8","NA","1134","-0.64","1.19","0.1(0.37), -0.5 - 1"
"282","1-3-4 Design | increasing Number of Items | Random Assembly Priority | theta Routing","1-4-8","1-3-6, 1-4-7","NA","840","-0.7","1.2","0.5(0.11), 0 - 0.5"
"283","1-3-3 Design | equal Number of Items | Random Assembly Priority | theta Routing","1-2-5","1-3-6","NA","84","0.66","0.94","0(0), 0 - 0"
"284","1-3-3 Design | equal Number of Items | Random Assembly Priority | theta Routing","1-2-6","1-2-5, 1-3-6","NA","714","0.1","0.81","-0.3(0.24), -0.5 - 0"
"285","1-3-3 Design | equal Number of Items | Random Assembly Priority | theta Routing","1-3-5","1-2-5, 1-3-6","NA","882","-0.22","1","-0.8(0.58), -2.5 - 0"
"286","1-3-3 Design | equal Number of Items | Random Assembly Priority | theta Routing","1-3-6","1-2-5, 1-4-7","NA","2814","-0.11","0.8","-0.1(0.54), -1 - 1"
"287","1-3-3 Design | equal Number of Items | Random Assembly Priority | theta Routing","1-3-7","1-4-7","NA","714","0.02","0.9","0.6(0.23), 0.5 - 1"
"288","1-3-3 Design | equal Number of Items | Random Assembly Priority | theta Routing","1-4-6","1-3-6, 1-4-7","NA","840","-0.39","1.1","0.4(0.22), 0 - 0.5"
"289","1-3-3 Design | equal Number of Items | Random Assembly Priority | theta Routing","1-4-7","1-3-6","NA","126","-0.88","1.27","0(0), 0 - 0"
"290","1-3-4 Design | equal Number of Items | Random Assembly Priority | theta Routing","1-2-5","1-2-6","NA","756","0.67","1.25","-0.5(0), -0.5 - -0.5"
"291","1-3-4 Design | equal Number of Items | Random Assembly Priority | theta Routing","1-2-6","1-2-5, 1-3-6","NA","546","0.26","1","-0.5(0.5), -1 - 0"
"292","1-3-4 Design | equal Number of Items | Random Assembly Priority | theta Routing","1-3-6","1-2-5, 1-2-6","NA","2352","-0.24","0.95","-0.8(0.54), -3 - -0.5"
"293","1-3-4 Design | equal Number of Items | Random Assembly Priority | theta Routing","1-3-7","1-2-6, 1-3-6, 1-4-7, 1-4-8","NA","2982","-0.09","0.88","0.3(0.29), -0.5 - 1"
"294","1-3-4 Design | equal Number of Items | Random Assembly Priority | theta Routing","1-4-7","1-3-6, 1-4-8","NA","462","-0.38","1.17","0.5(0.5), 0 - 1"
"295","1-3-4 Design | equal Number of Items | Random Assembly Priority | theta Routing","1-4-8","1-4-7","NA","714","-0.81","1.37","0.5(0), 0.5 - 0.5"
"296","1-3-3 Design | decreasing Number of Items | Random Assembly Priority | theta Routing","1-2-5","1-3-6","NA","42","0.62","1.02","0(0), 0 - 0"
"297","1-3-3 Design | decreasing Number of Items | Random Assembly Priority | theta Routing","1-2-6","1-2-5, 1-3-6","NA","504","0.23","0.91","-0.4(0.22), -0.5 - 0"
"298","1-3-3 Design | decreasing Number of Items | Random Assembly Priority | theta Routing","1-3-5","1-2-5, 1-3-6","NA","798","-0.13","0.8","-0.5(0.2), -1 - 0"
"299","1-3-3 Design | decreasing Number of Items | Random Assembly Priority | theta Routing","1-3-6","1-2-5, 1-4-7","NA","1848","-0.11","0.86","-0.1(0.53), -1 - 0.5"
"300","1-3-3 Design | decreasing Number of Items | Random Assembly Priority | theta Routing","1-3-7","1-4-7","NA","882","0.09","0.81","0.6(0.2), 0.5 - 1"
"301","1-3-3 Design | decreasing Number of Items | Random Assembly Priority | theta Routing","1-4-6","1-3-6, 1-4-7","NA","966","-0.32","1.03","0.4(0.21), 0 - 0.5"
"302","1-3-3 Design | decreasing Number of Items | Random Assembly Priority | theta Routing","1-4-7","1-3-6","NA","42","-0.31","0.72","0(0), 0 - 0"
"303","1-3-4 Design | decreasing Number of Items | Random Assembly Priority | theta Routing","1-2-5","1-2-6, 1-3-7","NA","1050","0.51","1.02","-0.5(0.1), -0.5 - 0"
"304","1-3-4 Design | decreasing Number of Items | Random Assembly Priority | theta Routing","1-2-6","1-2-5, 1-3-7","NA","336","0.48","1.06","-0.2(0.43), -1 - 0"
"305","1-3-4 Design | decreasing Number of Items | Random Assembly Priority | theta Routing","1-3-6","1-2-5, 1-2-6, 1-3-7","NA","3234","-0.04","0.82","-0.3(0.3), -1 - 0"
"306","1-3-4 Design | decreasing Number of Items | Random Assembly Priority | theta Routing","1-3-7","1-4-7","NA","1554","0.08","0.83","0.5(0), 0.5 - 0.5"
"307","1-3-4 Design | decreasing Number of Items | Random Assembly Priority | theta Routing","1-4-7","1-3-7, 1-4-8","NA","588","-0.32","1.08","0.4(0.5), 0 - 1"
"308","1-3-4 Design | decreasing Number of Items | Random Assembly Priority | theta Routing","1-4-8","1-4-7","NA","714","-0.75","1.39","0.5(0), 0.5 - 0.5"
"309","1-3-3 Design | increasing Number of Items | Forward Assembly Priority | NC Routing","1-2-5","1-3-6, 1-4-7","NA","294","0.24","0.85","0.1(0.18), 0 - 0.5"
"310","1-3-3 Design | increasing Number of Items | Forward Assembly Priority | NC Routing","1-2-6","1-2-5, 1-3-6","NA","840","0.07","0.86","-0.4(0.38), -1 - 0"
"311","1-3-3 Design | increasing Number of Items | Forward Assembly Priority | NC Routing","1-3-5","1-2-5, 1-3-6","NA","3738","-0.03","0.83","-1.1(0.81), -3 - 0"
"312","1-3-3 Design | increasing Number of Items | Forward Assembly Priority | NC Routing","1-3-6","1-2-5, 1-4-7","NA","1680","-0.04","0.88","-0.3(0.5), -1 - 0.5"
"313","1-3-3 Design | increasing Number of Items | Forward Assembly Priority | NC Routing","1-3-7","1-2-5, 1-3-6, 1-4-7","NA","2142","-0.38","1.25","0.6(0.53), -0.5 - 2"
"314","1-3-3 Design | increasing Number of Items | Forward Assembly Priority | NC Routing","1-4-6","1-2-5, 1-3-6, 1-4-7","NA","378","-0.59","1.26","0(0.33), -0.5 - 0.5"
"315","1-3-3 Design | increasing Number of Items | Forward Assembly Priority | NC Routing","1-4-7","1-2-5, 1-3-6","NA","1344","-0.26","1.07","-0.1(0.21), -0.5 - 0"
"316","1-3-4 Design | increasing Number of Items | Forward Assembly Priority | NC Routing","1-2-5","1-3-6, 1-3-7","NA","1932","0.08","0.83","-0.4(0.19), -0.5 - 0"
"317","1-3-4 Design | increasing Number of Items | Forward Assembly Priority | NC Routing","1-2-6","1-3-6, 1-3-7","NA","168","0.19","0.94","-0.1(0.22), -0.5 - 0"
"318","1-3-4 Design | increasing Number of Items | Forward Assembly Priority | NC Routing","1-3-6","1-2-5, 1-3-7","NA","3192","0.04","0.94","-1.1(0.89), -3 - 0"
"319","1-3-4 Design | increasing Number of Items | Forward Assembly Priority | NC Routing","1-3-7","1-3-6, 1-4-8","NA","1302","-0.07","0.97","0.4(0.5), -0.5 - 1.5"
"320","1-3-4 Design | increasing Number of Items | Forward Assembly Priority | NC Routing","1-4-7","1-2-5, 1-3-6, 1-3-7","NA","462","-0.24","0.93","-0.3(0.33), -1 - 0"
"321","1-3-4 Design | increasing Number of Items | Forward Assembly Priority | NC Routing","1-4-8","1-3-6, 1-3-7","NA","1302","-0.4","1.08","0(0.12), -0.5 - 0"
"322","1-3-3 Design | equal Number of Items | Forward Assembly Priority | NC Routing","1-2-5","1-3-6","NA","210","0.16","0.94","0(0), 0 - 0"
"323","1-3-3 Design | equal Number of Items | Forward Assembly Priority | NC Routing","1-2-6","1-2-5, 1-3-6","NA","420","0.37","0.97","-0.3(0.33), -1 - 0"
"324","1-3-3 Design | equal Number of Items | Forward Assembly Priority | NC Routing","1-3-5","1-2-5, 1-3-6","NA","1512","0","0.91","-0.8(0.57), -3 - 0"
"325","1-3-3 Design | equal Number of Items | Forward Assembly Priority | NC Routing","1-3-6","1-2-5, 1-4-7","NA","1764","0.12","0.93","-0.2(0.47), -1 - 0.5"
"326","1-3-3 Design | equal Number of Items | Forward Assembly Priority | NC Routing","1-3-7","1-2-5, 1-3-6, 1-4-7","NA","2058","-0.19","1.11","0.5(0.33), -0.5 - 1.5"
"327","1-3-3 Design | equal Number of Items | Forward Assembly Priority | NC Routing","1-4-6","1-2-5, 1-3-6, 1-4-7","NA","252","-0.03","0.75","0(0.5), -1 - 0.5"
"328","1-3-3 Design | equal Number of Items | Forward Assembly Priority | NC Routing","1-4-7","1-3-6","NA","420","0","0.95","0(0), 0 - 0"
"329","1-3-4 Design | equal Number of Items | Forward Assembly Priority | NC Routing","1-2-5","1-3-7","NA","252","-0.07","0.93","0(0), 0 - 0"
"330","1-3-4 Design | equal Number of Items | Forward Assembly Priority | NC Routing","1-2-6","1-2-5, 1-3-7","NA","126","0.04","0.67","-0.2(0.24), -0.5 - 0"
"331","1-3-4 Design | equal Number of Items | Forward Assembly Priority | NC Routing","1-3-6","1-2-5, 1-3-7","NA","4410","0.07","0.82","-0.5(0.63), -3 - 0"
"332","1-3-4 Design | equal Number of Items | Forward Assembly Priority | NC Routing","1-3-7","1-2-5, 1-4-8","NA","1764","-0.22","0.98","0.5(0.22), -0.5 - 1"
"333","1-3-4 Design | equal Number of Items | Forward Assembly Priority | NC Routing","1-4-7","1-2-5, 1-3-7, 1-4-8","NA","126","0.28","0.7","0(0.41), -0.5 - 0.5"
"334","1-3-4 Design | equal Number of Items | Forward Assembly Priority | NC Routing","1-4-8","1-3-7","NA","588","-0.04","0.86","0(0), 0 - 0"
"335","1-3-3 Design | decreasing Number of Items | Forward Assembly Priority | NC Routing","1-2-5","1-3-6","NA","378","0.23","0.86","0(0), 0 - 0"
"336","1-3-3 Design | decreasing Number of Items | Forward Assembly Priority | NC Routing","1-2-6","1-2-5, 1-3-6","NA","210","0.33","0.8","-0.4(0.2), -0.5 - 0"
"337","1-3-3 Design | decreasing Number of Items | Forward Assembly Priority | NC Routing","1-3-5","1-2-5, 1-3-6","NA","1512","-0.05","1.04","-0.4(0.42), -1.5 - 0"
"338","1-3-3 Design | decreasing Number of Items | Forward Assembly Priority | NC Routing","1-3-6","1-2-5, 1-4-7","NA","1134","-0.08","0.83","-0.2(0.47), -0.5 - 0.5"
"339","1-3-3 Design | decreasing Number of Items | Forward Assembly Priority | NC Routing","1-3-7","1-3-6, 1-4-7","NA","1176","-0.32","1.14","0.4(0.25), 0 - 1"
"340","1-3-3 Design | decreasing Number of Items | Forward Assembly Priority | NC Routing","1-4-6","1-3-6, 1-4-7","NA","252","-0.13","0.92","0.1(0.19), 0 - 0.5"
"341","1-3-3 Design | decreasing Number of Items | Forward Assembly Priority | NC Routing","1-4-7","1-3-6","NA","294","-0.03","0.76","0(0), 0 - 0"
"342","1-3-4 Design | decreasing Number of Items | Forward Assembly Priority | NC Routing","1-2-5","1-3-7","NA","42","-0.63","0.92","0(0), 0 - 0"
"343","1-3-4 Design | decreasing Number of Items | Forward Assembly Priority | NC Routing","1-2-6","1-2-5","NA","84","0.23","0.53","-0.5(0), -0.5 - -0.5"
"344","1-3-4 Design | decreasing Number of Items | Forward Assembly Priority | NC Routing","1-3-6","1-2-5, 1-3-7","NA","3696","0.01","0.88","-0.4(0.42), -3 - 0"
"345","1-3-4 Design | decreasing Number of Items | Forward Assembly Priority | NC Routing","1-3-7","1-2-5, 1-4-8","NA","1806","-0.23","0.99","0.5(0.24), -0.5 - 1"
"346","1-3-4 Design | decreasing Number of Items | Forward Assembly Priority | NC Routing","1-4-7","1-3-7","NA","42","0.18","1.16","0(0), 0 - 0"
"347","1-3-4 Design | decreasing Number of Items | Forward Assembly Priority | NC Routing","1-4-8","1-3-7","NA","336","-0.17","0.89","0(0), 0 - 0"
"348","1-3-3 Design | increasing Number of Items | Backward Assembly Priority | NC Routing","1-2-5","1-3-6","NA","252","0.3","0.87","0(0), 0 - 0"
"349","1-3-3 Design | increasing Number of Items | Backward Assembly Priority | NC Routing","1-2-6","1-2-5, 1-3-6, 1-4-7","NA","462","-0.08","0.8","0(0.37), -0.5 - 1"
"350","1-3-3 Design | increasing Number of Items | Backward Assembly Priority | NC Routing","1-3-5","1-2-5, 1-3-6","NA","3822","0.02","0.89","-1.3(0.77), -3 - 0"
"351","1-3-3 Design | increasing Number of Items | Backward Assembly Priority | NC Routing","1-3-6","1-2-5, 1-4-7","NA","2100","-0.04","0.97","-0.4(0.58), -2 - 0.5"
"352","1-3-3 Design | increasing Number of Items | Backward Assembly Priority | NC Routing","1-3-7","1-2-5, 1-3-6, 1-4-7","NA","2226","-0.26","1.16","0.4(0.38), -0.5 - 1.5"
"353","1-3-3 Design | increasing Number of Items | Backward Assembly Priority | NC Routing","1-4-6","1-2-5, 1-3-6","NA","210","-0.17","0.9","-0.1(0.2), -0.5 - 0"
"354","1-3-3 Design | increasing Number of Items | Backward Assembly Priority | NC Routing","1-4-7","1-2-5, 1-3-6","NA","1176","-0.11","0.91","-0.1(0.24), -1 - 0"
"355","1-3-4 Design | increasing Number of Items | Backward Assembly Priority | NC Routing","1-2-5","1-3-6, 1-4-8","NA","1722","0.18","0.91","-0.4(0.21), -0.5 - 0"
"356","1-3-4 Design | increasing Number of Items | Backward Assembly Priority | NC Routing","1-2-6","1-3-6, 1-4-8","NA","168","0.09","0.7","0(0.35), -0.5 - 0.5"
"357","1-3-4 Design | increasing Number of Items | Backward Assembly Priority | NC Routing","1-3-6","1-2-5, 1-4-8","NA","3654","-0.05","0.92","-1.3(0.83), -3 - 0.5"
"358","1-3-4 Design | increasing Number of Items | Backward Assembly Priority | NC Routing","1-3-7","1-3-6, 1-4-8","NA","2856","-0.09","0.89","0.1(0.34), -0.5 - 1"
"359","1-3-4 Design | increasing Number of Items | Backward Assembly Priority | NC Routing","1-4-7","1-2-5, 1-3-6","NA","210","-0.27","0.73","-0.6(0.2), -1 - -0.5"
"360","1-3-4 Design | increasing Number of Items | Backward Assembly Priority | NC Routing","1-4-8","1-2-5, 1-3-6","NA","378","-0.02","0.75","-0.6(0.21), -1 - -0.5"
"361","1-3-3 Design | equal Number of Items | Backward Assembly Priority | NC Routing","1-2-5","1-3-6","NA","420","-0.01","0.8","0(0), 0 - 0"
"362","1-3-3 Design | equal Number of Items | Backward Assembly Priority | NC Routing","1-2-6","1-2-5, 1-3-6","NA","126","-0.03","0.97","-0.3(0.24), -0.5 - 0"
"363","1-3-3 Design | equal Number of Items | Backward Assembly Priority | NC Routing","1-3-5","1-2-5, 1-3-6","NA","2058","-0.08","0.92","-0.7(0.44), -2 - 0"
"364","1-3-3 Design | equal Number of Items | Backward Assembly Priority | NC Routing","1-3-6","1-2-5, 1-4-7","NA","1680","-0.12","1.06","-0.2(0.53), -1 - 1"
"365","1-3-3 Design | equal Number of Items | Backward Assembly Priority | NC Routing","1-3-7","1-3-6, 1-4-7","NA","1638","-0.02","0.9","0.4(0.31), 0 - 1"
"366","1-3-3 Design | equal Number of Items | Backward Assembly Priority | NC Routing","1-4-6","1-4-7","NA","42","-0.07","0.83","0.5(0), 0.5 - 0.5"
"367","1-3-3 Design | equal Number of Items | Backward Assembly Priority | NC Routing","1-4-7","1-2-5, 1-3-6","NA","546","-0.18","0.96","0(0.13), -0.5 - 0"
"368","1-3-4 Design | equal Number of Items | Backward Assembly Priority | NC Routing","1-2-5","1-3-6, 1-3-7","NA","1890","0.22","0.94","-0.5(0.14), -0.5 - 0"
"369","1-3-4 Design | equal Number of Items | Backward Assembly Priority | NC Routing","1-3-6","1-2-5, 1-3-7, 1-4-8","NA","2142","-0.12","0.97","-0.6(0.8), -3 - 0.5"
"370","1-3-4 Design | equal Number of Items | Backward Assembly Priority | NC Routing","1-3-7","1-3-6, 1-4-8","NA","1512","-0.52","1.28","0.5(0.38), -0.5 - 1"
"371","1-3-4 Design | equal Number of Items | Backward Assembly Priority | NC Routing","1-4-7","1-3-7","NA","42","-0.35","0.81","0(0), 0 - 0"
"372","1-3-4 Design | equal Number of Items | Backward Assembly Priority | NC Routing","1-4-8","1-3-7","NA","504","-0.08","0.82","0(0), 0 - 0"
"373","1-3-3 Design | decreasing Number of Items | Backward Assembly Priority | NC Routing","1-2-5","1-3-6","NA","168","-0.1","0.73","0(0), 0 - 0"
"374","1-3-3 Design | decreasing Number of Items | Backward Assembly Priority | NC Routing","1-2-6","1-2-5, 1-3-6","NA","336","0.21","0.86","-0.4(0.17), -0.5 - 0"
"375","1-3-3 Design | decreasing Number of Items | Backward Assembly Priority | NC Routing","1-3-5","1-2-5, 1-3-6","NA","1344","-0.02","0.93","-0.7(0.48), -2 - 0"
"376","1-3-3 Design | decreasing Number of Items | Backward Assembly Priority | NC Routing","1-3-6","1-2-5, 1-4-7","NA","1722","-0.05","0.93","-0.3(0.47), -1 - 0.5"
"377","1-3-3 Design | decreasing Number of Items | Backward Assembly Priority | NC Routing","1-3-7","1-3-6, 1-4-7","NA","1176","-0.1","0.92","0.4(0.26), 0 - 1"
"378","1-3-3 Design | decreasing Number of Items | Backward Assembly Priority | NC Routing","1-4-6","1-3-6, 1-4-7","NA","168","-0.05","0.83","0.1(0.22), 0 - 0.5"
"379","1-3-3 Design | decreasing Number of Items | Backward Assembly Priority | NC Routing","1-4-7","1-3-6","NA","336","-0.17","0.84","0(0), 0 - 0"
"380","1-3-4 Design | decreasing Number of Items | Backward Assembly Priority | NC Routing","1-2-5","1-3-6, 1-3-7","NA","1764","0.22","1","-0.5(0.08), -0.5 - 0"
"381","1-3-4 Design | decreasing Number of Items | Backward Assembly Priority | NC Routing","1-2-6","1-3-7","NA","42","0.79","1.08","0(0), 0 - 0"
"382","1-3-4 Design | decreasing Number of Items | Backward Assembly Priority | NC Routing","1-3-6","1-2-5, 1-3-7","NA","1932","0.11","0.94","-0.4(0.77), -3 - 0"
"383","1-3-4 Design | decreasing Number of Items | Backward Assembly Priority | NC Routing","1-3-7","1-3-6, 1-4-8","NA","1764","-0.22","1.02","0.5(0.2), -0.5 - 1"
"384","1-3-4 Design | decreasing Number of Items | Backward Assembly Priority | NC Routing","1-4-8","1-3-7","NA","462","-0.14","0.94","0(0), 0 - 0"
"385","1-3-3 Design | increasing Number of Items | Spiral Assembly Priority | NC Routing","1-2-5","1-3-6","NA","210","0.55","1.06","0(0), 0 - 0"
"386","1-3-3 Design | increasing Number of Items | Spiral Assembly Priority | NC Routing","1-2-6","1-2-5, 1-3-6, 1-4-7","NA","252","0.12","0.76","0(0.41), -0.5 - 0.5"
"387","1-3-3 Design | increasing Number of Items | Spiral Assembly Priority | NC Routing","1-3-5","1-2-5, 1-3-6","NA","3822","0.1","1","-1.2(0.81), -3 - 0"
"388","1-3-3 Design | increasing Number of Items | Spiral Assembly Priority | NC Routing","1-3-6","1-2-5, 1-4-7","NA","1680","0.08","0.81","-0.3(0.44), -1 - 0.5"
"389","1-3-3 Design | increasing Number of Items | Spiral Assembly Priority | NC Routing","1-3-7","1-3-6, 1-4-7","NA","1092","-0.28","1.13","0.6(0.4), 0 - 1.5"
"390","1-3-3 Design | increasing Number of Items | Spiral Assembly Priority | NC Routing","1-4-6","1-2-5, 1-3-6, 1-4-7","NA","882","-0.24","1.06","-0.2(0.42), -1.5 - 0.5"
"391","1-3-3 Design | increasing Number of Items | Spiral Assembly Priority | NC Routing","1-4-7","1-2-5, 1-3-6","NA","1638","-0.07","0.89","-0.1(0.31), -1.5 - 0"
"392","1-3-4 Design | increasing Number of Items | Spiral Assembly Priority | NC Routing","1-2-5","1-3-6, 1-3-7","NA","1806","0.23","0.84","-0.4(0.18), -0.5 - 0"
"393","1-3-4 Design | increasing Number of Items | Spiral Assembly Priority | NC Routing","1-2-6","1-2-5, 1-3-6, 1-3-7","NA","168","-0.27","0.82","-0.5(0.35), -1 - 0"
"394","1-3-4 Design | increasing Number of Items | Spiral Assembly Priority | NC Routing","1-3-6","1-2-5, 1-3-7","NA","4032","-0.11","0.95","-1.2(1.02), -3 - 0"
"395","1-3-4 Design | increasing Number of Items | Spiral Assembly Priority | NC Routing","1-3-7","1-3-6, 1-4-8","NA","1890","-0.19","1.13","0.6(0.33), -0.5 - 2"
"396","1-3-4 Design | increasing Number of Items | Spiral Assembly Priority | NC Routing","1-4-7","1-2-5, 1-3-6, 1-4-8","NA","126","-0.35","0.7","-0.3(0.63), -1 - 0.5"
"397","1-3-4 Design | increasing Number of Items | Spiral Assembly Priority | NC Routing","1-4-8","1-2-5, 1-3-6, 1-3-7","NA","1554","-0.19","0.95","-0.1(0.24), -1 - 0"
"398","1-3-3 Design | equal Number of Items | Spiral Assembly Priority | NC Routing","1-2-5","1-3-6","NA","168","0.04","0.95","0(0), 0 - 0"
"399","1-3-3 Design | equal Number of Items | Spiral Assembly Priority | NC Routing","1-2-6","1-2-5, 1-3-6","NA","420","0.02","0.83","-0.3(0.32), -1 - 0"
"400","1-3-3 Design | equal Number of Items | Spiral Assembly Priority | NC Routing","1-3-5","1-2-5, 1-3-6","NA","2016","0.04","0.92","-0.6(0.59), -3 - 0"
"401","1-3-3 Design | equal Number of Items | Spiral Assembly Priority | NC Routing","1-3-6","1-2-5, 1-4-7","NA","1386","0.03","0.89","-0.2(0.46), -1 - 0.5"
"402","1-3-3 Design | equal Number of Items | Spiral Assembly Priority | NC Routing","1-3-7","1-3-6, 1-4-7","NA","1680","-0.26","1","0.5(0.34), 0 - 1.5"
"403","1-3-3 Design | equal Number of Items | Spiral Assembly Priority | NC Routing","1-4-6","1-3-6, 1-4-7","NA","168","-0.58","1.13","0.2(0.25), 0 - 0.5"
"404","1-3-3 Design | equal Number of Items | Spiral Assembly Priority | NC Routing","1-4-7","1-2-5, 1-3-6","NA","546","-0.33","0.96","0(0.13), -0.5 - 0"
"405","1-3-4 Design | equal Number of Items | Spiral Assembly Priority | NC Routing","1-2-5","1-3-6, 1-3-7","NA","1722","0.17","0.89","-0.5(0.11), -0.5 - 0"
"406","1-3-4 Design | equal Number of Items | Spiral Assembly Priority | NC Routing","1-2-6","1-3-6, 1-3-7","NA","84","-0.55","1.13","-0.2(0.25), -0.5 - 0"
"407","1-3-4 Design | equal Number of Items | Spiral Assembly Priority | NC Routing","1-3-6","1-2-5, 1-3-7, 1-4-8","NA","2310","0","1.06","-0.7(0.87), -3 - 0.5"
"408","1-3-4 Design | equal Number of Items | Spiral Assembly Priority | NC Routing","1-3-7","1-3-6, 1-4-8","NA","1596","-0.34","1.2","0.5(0.36), -0.5 - 1.5"
"409","1-3-4 Design | equal Number of Items | Spiral Assembly Priority | NC Routing","1-4-7","1-3-7, 1-4-8","NA","126","-0.07","0.82","0.3(0.24), 0 - 0.5"
"410","1-3-4 Design | equal Number of Items | Spiral Assembly Priority | NC Routing","1-4-8","1-3-6, 1-3-7","NA","756","0.02","0.88","0(0.11), -0.5 - 0"
"411","1-3-3 Design | decreasing Number of Items | Spiral Assembly Priority | NC Routing","1-2-6","1-2-5, 1-3-6","NA","126","0.22","1.13","-0.3(0.24), -0.5 - 0"
"412","1-3-3 Design | decreasing Number of Items | Spiral Assembly Priority | NC Routing","1-3-5","1-2-5, 1-3-6","NA","1680","0.13","0.98","-0.6(0.4), -2 - 0"
"413","1-3-3 Design | decreasing Number of Items | Spiral Assembly Priority | NC Routing","1-3-6","1-2-5, 1-4-7","NA","1260","-0.05","0.94","-0.5(0.36), -1 - 0.5"
"414","1-3-3 Design | decreasing Number of Items | Spiral Assembly Priority | NC Routing","1-3-7","1-2-5, 1-3-6, 1-4-7","NA","1260","-0.18","0.95","0.3(0.3), -0.5 - 1"
"415","1-3-3 Design | decreasing Number of Items | Spiral Assembly Priority | NC Routing","1-4-6","1-3-6, 1-4-7","NA","84","0.27","0.68","0.2(0.25), 0 - 0.5"
"416","1-3-3 Design | decreasing Number of Items | Spiral Assembly Priority | NC Routing","1-4-7","1-3-6","NA","336","-0.33","0.84","0(0), 0 - 0"
"417","1-3-4 Design | decreasing Number of Items | Spiral Assembly Priority | NC Routing","1-2-5","1-3-6, 1-3-7","NA","1974","0.11","0.88","-0.5(0.1), -0.5 - 0"
"418","1-3-4 Design | decreasing Number of Items | Spiral Assembly Priority | NC Routing","1-2-6","1-3-6, 1-3-7","NA","168","0.12","0.86","-0.4(0.22), -0.5 - 0"
"419","1-3-4 Design | decreasing Number of Items | Spiral Assembly Priority | NC Routing","1-3-6","1-2-5, 1-3-7","NA","2016","0.04","0.82","-0.3(0.63), -3 - 0"
"420","1-3-4 Design | decreasing Number of Items | Spiral Assembly Priority | NC Routing","1-3-7","1-3-6, 1-4-8","NA","1722","-0.29","1.08","0.5(0.21), -0.5 - 1"
"421","1-3-4 Design | decreasing Number of Items | Spiral Assembly Priority | NC Routing","1-4-7","1-4-8","NA","126","-0.19","1.05","0.5(0), 0.5 - 0.5"
"422","1-3-4 Design | decreasing Number of Items | Spiral Assembly Priority | NC Routing","1-4-8","1-3-7","NA","336","0.08","0.72","0(0), 0 - 0"
"423","1-3-3 Design | increasing Number of Items | Random Assembly Priority | NC Routing","1-2-5","1-3-6, 1-4-7","NA","546","0.21","1.08","0.1(0.21), 0 - 0.5"
"424","1-3-3 Design | increasing Number of Items | Random Assembly Priority | NC Routing","1-2-6","1-2-5, 1-3-6, 1-4-7","NA","504","-0.25","1.1","0(0.2), -0.5 - 0.5"
"425","1-3-3 Design | increasing Number of Items | Random Assembly Priority | NC Routing","1-3-5","1-2-5, 1-3-6","NA","4116","0.07","0.91","-1.2(0.82), -3 - 0"
"426","1-3-3 Design | increasing Number of Items | Random Assembly Priority | NC Routing","1-3-6","1-2-5, 1-4-7","NA","1386","0.08","1","-0.5(0.51), -2 - 0.5"
"427","1-3-3 Design | increasing Number of Items | Random Assembly Priority | NC Routing","1-3-7","1-3-6, 1-4-7","NA","1890","-0.2","1.1","0.5(0.4), 0 - 1.5"
"428","1-3-3 Design | increasing Number of Items | Random Assembly Priority | NC Routing","1-4-6","1-2-5, 1-3-6, 1-4-7","NA","210","-0.04","0.63","0(0.45), -0.5 - 0.5"
"429","1-3-3 Design | increasing Number of Items | Random Assembly Priority | NC Routing","1-4-7","1-2-5, 1-3-6","NA","1176","-0.28","0.94","-0.1(0.18), -0.5 - 0"
"430","1-3-4 Design | increasing Number of Items | Random Assembly Priority | NC Routing","1-2-5","1-3-6, 1-3-7","NA","1176","0.04","0.95","-0.4(0.18), -0.5 - 0"
"431","1-3-4 Design | increasing Number of Items | Random Assembly Priority | NC Routing","1-2-6","1-3-6, 1-3-7","NA","168","0.53","1.08","-0.2(0.25), -0.5 - 0"
"432","1-3-4 Design | increasing Number of Items | Random Assembly Priority | NC Routing","1-3-6","1-2-5, 1-3-7","NA","4368","0.07","0.97","-1.7(0.94), -3 - 0"
"433","1-3-4 Design | increasing Number of Items | Random Assembly Priority | NC Routing","1-3-7","1-3-6, 1-4-8","NA","1638","-0.12","1","0.4(0.48), -0.5 - 1.5"
"434","1-3-4 Design | increasing Number of Items | Random Assembly Priority | NC Routing","1-4-7","1-3-7","NA","168","-0.42","0.96","0(0), 0 - 0"
"435","1-3-4 Design | increasing Number of Items | Random Assembly Priority | NC Routing","1-4-8","1-3-6, 1-3-7","NA","1050","-0.03","0.87","0(0.14), -0.5 - 0"
"436","1-3-3 Design | equal Number of Items | Random Assembly Priority | NC Routing","1-2-5","1-3-6","NA","84","-0.27","0.95","0(0), 0 - 0"
"437","1-3-3 Design | equal Number of Items | Random Assembly Priority | NC Routing","1-2-6","1-2-5","NA","378","0.14","1.01","-0.6(0.16), -1 - -0.5"
"438","1-3-3 Design | equal Number of Items | Random Assembly Priority | NC Routing","1-3-5","1-2-5, 1-3-6","NA","2940","0.23","1.09","-0.9(0.82), -3 - 0"
"439","1-3-3 Design | equal Number of Items | Random Assembly Priority | NC Routing","1-3-6","1-2-5, 1-4-7","NA","1638","-0.06","1.11","-0.2(0.55), -1.5 - 1"
"440","1-3-3 Design | equal Number of Items | Random Assembly Priority | NC Routing","1-3-7","1-3-6, 1-4-7","NA","1680","-0.11","1.11","0.4(0.33), 0 - 1"
"441","1-3-3 Design | equal Number of Items | Random Assembly Priority | NC Routing","1-4-6","1-4-7","NA","84","-1.12","1.93","0.5(0), 0.5 - 0.5"
"442","1-3-3 Design | equal Number of Items | Random Assembly Priority | NC Routing","1-4-7","1-3-6","NA","252","-0.51","1.07","0(0), 0 - 0"
"443","1-3-4 Design | equal Number of Items | Random Assembly Priority | NC Routing","1-2-5","1-3-7","NA","168","0.1","1.04","0(0), 0 - 0"
"444","1-3-4 Design | equal Number of Items | Random Assembly Priority | NC Routing","1-2-6","1-2-5, 1-3-7","NA","168","0.29","1.05","-0.2(0.25), -0.5 - 0"
"445","1-3-4 Design | equal Number of Items | Random Assembly Priority | NC Routing","1-3-6","1-2-5, 1-3-7","NA","3696","0.11","0.96","-0.6(0.53), -2.5 - 0"
"446","1-3-4 Design | equal Number of Items | Random Assembly Priority | NC Routing","1-3-7","1-2-5, 1-4-8","NA","1932","-0.17","1","0.5(0.3), -0.5 - 1"
"447","1-3-4 Design | equal Number of Items | Random Assembly Priority | NC Routing","1-4-7","1-3-7","NA","84","-0.69","1.43","0(0), 0 - 0"
"448","1-3-4 Design | equal Number of Items | Random Assembly Priority | NC Routing","1-4-8","1-2-5, 1-3-7","NA","840","-0.18","0.99","0(0.11), -0.5 - 0"
"449","1-3-3 Design | decreasing Number of Items | Random Assembly Priority | NC Routing","1-2-5","1-3-6","NA","42","0.67","1.04","0(0), 0 - 0"
"450","1-3-3 Design | decreasing Number of Items | Random Assembly Priority | NC Routing","1-2-6","1-2-5, 1-3-6","NA","168","-0.26","1.01","-0.1(0.22), -0.5 - 0"
"451","1-3-3 Design | decreasing Number of Items | Random Assembly Priority | NC Routing","1-3-5","1-2-5, 1-3-6","NA","1554","0.16","1","-0.6(0.32), -1.5 - 0"
"452","1-3-3 Design | decreasing Number of Items | Random Assembly Priority | NC Routing","1-3-6","1-2-5, 1-4-7","NA","1302","0.07","0.98","-0.3(0.41), -1 - 0.5"
"453","1-3-3 Design | decreasing Number of Items | Random Assembly Priority | NC Routing","1-3-7","1-3-6, 1-4-7","NA","1386","-0.13","0.81","0.3(0.27), 0 - 1"
"454","1-3-3 Design | decreasing Number of Items | Random Assembly Priority | NC Routing","1-4-6","1-3-6, 1-4-7","NA","210","-0.07","0.8","0.3(0.25), 0 - 0.5"
"455","1-3-3 Design | decreasing Number of Items | Random Assembly Priority | NC Routing","1-4-7","1-3-6","NA","378","-0.3","0.93","0(0), 0 - 0"
"456","1-3-4 Design | decreasing Number of Items | Random Assembly Priority | NC Routing","1-2-5","1-3-6, 1-3-7","NA","2058","0.03","0.76","-0.5(0.12), -0.5 - 0"
"457","1-3-4 Design | decreasing Number of Items | Random Assembly Priority | NC Routing","1-2-6","1-3-6, 1-3-7","NA","210","0.27","0.87","-0.3(0.25), -0.5 - 0"
"458","1-3-4 Design | decreasing Number of Items | Random Assembly Priority | NC Routing","1-3-6","1-2-5, 1-3-7","NA","1470","0.06","0.89","-0.2(0.44), -1.5 - 0"
"459","1-3-4 Design | decreasing Number of Items | Random Assembly Priority | NC Routing","1-3-7","1-3-6, 1-4-8","NA","1176","-0.2","1.02","0.5(0.19), -0.5 - 0.5"
"460","1-3-4 Design | decreasing Number of Items | Random Assembly Priority | NC Routing","1-4-8","1-3-7","NA","672","-0.22","0.93","0(0), 0 - 0"
